<?xml version="1.0" encoding="UTF-8"?>
<!DOCTYPE generatorConfiguration
  PUBLIC "-//mybatis.org//DTD MyBatis Generator Configuration 1.0//EN"
  "http://mybatis.org/dtd/mybatis-generator-config_1_0.dtd">

<generatorConfiguration>
	<!-- 引入配置文件 -->
	<properties resource="init.properties" />
	<classPathEntry location="${classPath}" />

		

	
	<context id="DB2Tables"  defaultModelType ="flat" targetRuntime="MyBatis3">
		<property name="javaFileEncoding" value="UTF-8"/>
		<!--<plugin type="com.lyh.game.main.SerializablePlugin" />-->

<!-- generate entity时，生成hashcode和equals方法 -->  
     <!--  <plugin type="org.mybatis.generator.plugins.EqualsHashCodePlugin" />   -->
        <!-- generate entity时，生成serialVersionUID -->  
        <plugin type="org.mybatis.generator.plugins.SerializablePlugin" />  
        <!-- 这个插件只会增加字符串字段映射到一个JDBC字符的方法 -->  
        <!--  <plugin type="org.mybatis.generator.plugins.CaseInsensitiveLikePlugin" />  -->
        <!-- genenat entity时,生成toString -->  
         <plugin type="org.mybatis.generator.plugins.ToStringPlugin" />
		<commentGenerator type="com.lyh.game.main.MyCommentGenerator">
			<property name="suppressAllComments" value="false" /><!-- 是否取消注释 -->
			<property name="suppressDate" value="true" />
		</commentGenerator>

		<jdbcConnection driverClass="${jdbc_driver}"
			connectionURL="${jdbc_url}" userId="${jdbc_user}" password="${jdbc_password}">
		</jdbcConnection>

		<javaTypeResolver>
			<property name="forceBigDecimals" value="false" />
		</javaTypeResolver>

		<javaModelGenerator targetPackage="${model_package}"
			targetProject="src">
			<property name="enableSubPackages" value="true" />
			<property name="trimStrings" value="true" />
			<!-- 设置一个根对象， 如果设置了这个根对象，那么生成的keyClass或者recordClass会继承这个类；在Table的rootClass属性中可以覆盖该选项 
				注意：如果在key class或者record class中有root class相同的属性，MBG就不会重新生成这些属性了，包括： 1，属性名相同，类型相同，有相同的getter/setter方法；
			<property name="rootClass" value="com.lyh.game.mybatis.domain.BaseDomain" /> -->
		</javaModelGenerator>

		<sqlMapGenerator targetPackage="${mapper_sql_package}"
			targetProject="src">
			<property name="enableSubPackages" value="true" />
		</sqlMapGenerator>

		<javaClientGenerator type="XMLMAPPER"
			targetPackage="${xml_mapper_package}" targetProject="src">
			<property name="enableSubPackages" value="true" />
		</javaClientGenerator>

		<table tableName="%" 
		 enableCountByExample="true" 
		 enableSelectByExample="true" 
		 enableDeleteByExample="true" 
		 enableUpdateByExample="true" 
		 selectByExampleQueryId="true"
		 enableSelectByPrimaryKey ="true" 
		 enableUpdateByPrimaryKey="true"
		 enableDeleteByPrimaryKey ="true"
		>
			
			<!-- 如果设置为true，生成的model类会直接使用column本身的名字，而不会再使用驼峰命名方法，比如BORN_DATE，生成的属性名字就是BORN_DATE,而不会是bornDate -->
			 <property name="useActualColumnNames"  value="false" />
   <!-- 默认为false，如果设置为true，在生成的SQL中，table名字不会加上catalog或schema； -->
            <property name="ignoreQualifiersAtRuntime" value="true"/>
			<!-- mysql形式 -->
			<generatedKey column="id" sqlStatement="MySql" identity="true"/>

			<!-- jdbc -->
			<!-- <generatedKey column="driving_info_id" sqlStatement="JDBC" identity="true"/> -->
		</table>

	</context>

</generatorConfiguration>

